{"cameraMode":{"drawMode":0,"name":"Shaded","section":"Shading Mode"},"sceneLighting":false,"audioPlay":false,"sceneViewState":{"m_AlwaysRefresh":false,"showFog":true,"showSkybox":true,"showFlares":true,"showImageEffects":true,"showParticleSystems":true,"showVisualEffectGraphs":true,"m_FxEnabled":true},"in2DMode":false,"pivot":{"x":8.791035652160645,"y":4.950772285461426,"z":1.293318271636963},"rotation":{"x":0.0062797050923109058,"y":0.811576783657074,"z":-0.008788205683231354,"w":0.5844880938529968},"size":5.674371242523193,"orthographic":false}