{"cameraMode":{"drawMode":0,"name":"Shaded","section":"Shading Mode"},"sceneLighting":false,"audioPlay":false,"sceneViewState":{"m_AlwaysRefresh":false,"showFog":true,"showSkybox":true,"showFlares":true,"showImageEffects":true,"showParticleSystems":true,"showVisualEffectGraphs":true,"m_FxEnabled":true},"in2DMode":false,"pivot":{"x":-23.10923194885254,"y":4.428976058959961,"z":-3.3986730575561525},"rotation":{"x":-0.011176067404448986,"y":0.7356826066970825,"z":-0.012137703597545624,"w":-0.6771464943885803},"size":17.234073638916017,"orthographic":false}