{"cameraMode":{"drawMode":0,"name":"Shaded","section":"Shading Mode"},"sceneLighting":false,"audioPlay":false,"sceneViewState":{"m_AlwaysRefresh":false,"showFog":true,"showSkybox":true,"showFlares":true,"showImageEffects":true,"showParticleSystems":true,"showVisualEffectGraphs":true,"m_FxEnabled":true},"in2DMode":false,"pivot":{"x":-12.722190856933594,"y":0.5078439712524414,"z":-6.372845649719238},"rotation":{"x":0.11059180647134781,"y":-0.7883387207984924,"z":0.14865076541900636,"w":0.5871692299842835},"size":11.078927040100098,"orthographic":false}