{"cameraMode":{"drawMode":0,"name":"Shaded","section":"Shading Mode"},"sceneLighting":false,"audioPlay":false,"sceneViewState":{"m_AlwaysRefresh":false,"showFog":true,"showSkybox":true,"showFlares":true,"showImageEffects":true,"showParticleSystems":true,"showVisualEffectGraphs":true,"m_FxEnabled":true},"in2DMode":false,"pivot":{"x":-13.379056930541993,"y":2.8086280822753908,"z":-3.2874083518981935},"rotation":{"x":-0.08733069896697998,"y":0.7712745666503906,"z":-0.10863339155912399,"w":-0.6215043067932129},"size":10.122183799743653,"orthographic":false}